신규(한국어는OK),Key,출처,UI파일,엔티티,칸(WxH),글자,ko,en,ja,zh-tw,zh-cn,ko원문,en,ja,zh-tw,zh-cn
Y,FMT_IDLEREWARDUI_004,IdleRewardUI.mlua,IdleRewardGroup.ui,/ui/IdleRewardGroup/Panel/GearBox/Empty,300x64,24,OK,넘침 x1.33,OK,OK,OK,"장비는 {0}시간마다 1개씩
최대 4개
{1}","1 equipment item every {0} hr
Max 4
{1}","装備は{0}時間ごとに1個
最大4個
{1}","每{0}小時累積1件裝備
最多4件
{1}","每{0}小时累积1件装备
最多4件
{1}"
,MLUA_EPISODEREWARDUI_003,ui,AchievementGroup.ui,/ui/AchievementGroup/Panel/List/Grid/RowTemplate/BtnClaim,104x50,BestFit 24-28,OK,OK,축소 93%,OK,OK,받기,Claim,受け取る,領取,领取
,UI_ADVENTUREPASSGROUP_004,ui,AdventurePassGroup.ui,/ui/AdventurePassGroup/Panel/RowCard/Desc,200x52,BestFit 12-24,축소 88%,축소 79%,축소 88%,축소 88%,축소 88%,"매 판 10다이아
→ 무료!","10 Diamonds every run
→ Free!","毎回10ダイヤ
→ 無料！","每局 10 鑽石
→ 免費！","每局 10 钻石
→ 免费！"
,UI_ADVENTUREPASSGROUP_003,ui,AdventurePassGroup.ui,/ui/AdventurePassGroup/Panel/RowCard/Name,200x36,BestFit 12-28,OK,축소 96%,축소 79%,OK,OK,카드 슬롯 해금,Card Slot Unlock,カードスロット解放,卡片欄位解鎖,卡片字段解锁
,UI_ADVENTUREPASSGROUP_008,ui,AdventurePassGroup.ui,/ui/AdventurePassGroup/Panel/RowPotion/Desc,200x52,BestFit 12-24,축소 88%,축소 88%,축소 83%,축소 88%,축소 88%,"매 판 포션이 적용된
상태로 시작!","Every run starts
with Potion active!","毎回ポーション
適用状態でスタート！","每局都帶著
藥水開始！","每局都带着
药水开始！"
,UI_ADVENTUREPASSGROUP_007,ui,AdventurePassGroup.ui,/ui/AdventurePassGroup/Panel/RowPotion/Name,200x36,BestFit 12-28,OK,축소 71%,축소 57%,축소 93%,축소 93%,포션 Lv.1 시작,Start with Potion Lv.1,ポーションLv.1でスタート,以藥水 Lv.1 開局,以药水 Lv.1 开局
,UI_ADVENTUREPASSGROUP_006,ui,AdventurePassGroup.ui,/ui/AdventurePassGroup/Panel/RowReroll/Desc,200x52,BestFit 12-24,축소 88%,축소 88%,축소 88%,축소 88%,축소 88%,"매 판 3회 무료!
(이후 5다이아)","3 free every run!
(then 5 Diamonds)","毎回3回無料！
（以降5ダイヤ）","每局免費 3 次！
（之後 5 鑽石）","每局免费 3 次！
（之后 5 钻石）"
,MLUA_MAP21RELICEASTEREGG_002,ui,CharacterUnlockGroup.ui,/ui/CharacterUnlockGroup/Panel/OptionBox/OptionText,488x168,BestFit 18-28,OK,축소 96%,OK,OK,OK,"바람과 함께 전장을 누비는 신비로운 궁수.
빠른 화살로 적의 약점을 꿰뚫고, 거센
바람으로 전장을 지배한다.","A mysterious archer who sweeps across the battlefield with the wind.
Swift arrows pierce the enemy's weak points, and fierce
winds let her rule the battlefield.","風とともに戦場を駆ける神秘的な弓使い。
素早い矢で敵の弱点を射抜き、激しい
風で戦場を支配する。","與風一同穿梭戰場的神秘弓箭手。
以迅捷的箭矢貫穿敵人的弱點，並以猛烈的
強風支配戰場。","与风一同穿梭战场的神秘弓箭手。
以迅捷的箭矢贯穿敌人的弱点，并以猛烈的
强风支配战场。"
,MLUA_INVENTORYEXPANDLOGIC_001,ui,DefaultGroup.ui,/ui/DefaultGroup/DpsMeter/Board/Line1/EtcLabel,40x28,BestFit 10-17,OK,OK,축소 76%,OK,OK,기타,Etc,その他,其他,其他
,MLUA_INVENTORYEXPANDLOGIC_001,ui,DefaultGroup.ui,/ui/DefaultGroup/DpsMeter/Board/Line2/EtcLabel,40x28,BestFit 10-17,OK,OK,축소 76%,OK,OK,기타,Etc,その他,其他,其他
,MLUA_INVENTORYEXPANDLOGIC_001,ui,DefaultGroup.ui,/ui/DefaultGroup/DpsMeter/Board/Line3/EtcLabel,40x28,BestFit 10-17,OK,OK,축소 76%,OK,OK,기타,Etc,その他,其他,其他
,MLUA_INVENTORYEXPANDLOGIC_001,ui,DefaultGroup.ui,/ui/DefaultGroup/DpsMeter/Board/Line4/EtcLabel,40x28,BestFit 10-17,OK,OK,축소 76%,OK,OK,기타,Etc,その他,其他,其他
,MLUA_INVENTORYEXPANDLOGIC_001,ui,DefaultGroup.ui,/ui/DefaultGroup/DpsMeter/Board/Line5/EtcLabel,40x28,BestFit 10-17,OK,OK,축소 76%,OK,OK,기타,Etc,その他,其他,其他
,MLUA_INVENTORYEXPANDLOGIC_001,ui,DefaultGroup.ui,/ui/DefaultGroup/DpsMeter/Board/Line6/EtcLabel,40x28,BestFit 10-17,OK,OK,축소 76%,OK,OK,기타,Etc,その他,其他,其他
,MLUA_INVENTORYEXPANDLOGIC_001,ui,DefaultGroup.ui,/ui/DefaultGroup/DpsMeter/Board/Line7/EtcLabel,40x28,BestFit 10-17,OK,OK,축소 76%,OK,OK,기타,Etc,その他,其他,其他
,UI_EQUIPMENTGROUP_010,ui,EquipmentGroup.ui,/ui/EquipmentGroup/Inventory/ComposePopup/Panel/RiskWarning/Box/SubMessage,540x68,BestFit 16-30,축소 93%,축소 93%,축소 93%,축소 93%,축소 93%,"높은 등급의 장비가 사라집니다.
합성 후에는 되돌릴 수 없습니다.","Higher-grade gear will be consumed.
This can't be undone.","高い等級の装備が消えます。
合成後は元に戻せません。","高等級的裝備將會消失。
合成後無法復原。","高等级的装备将会消失。
合成后无法复原。"
,UI_EQUIPMENTGROUP_013,ui,EquipmentGroup.ui,/ui/EquipmentGroup/Inventory/EquipPopup/Panel/ButtonBatchLevelUp/Label,260x60,BestFit 22-45,OK,OK,축소 93%,OK,OK,일괄 레벨업,Level Up All,一括Lvアップ,一鍵升級,一键升级
,UI_EQUIPMENTGROUP_015,ui,EquipmentGroup.ui,/ui/EquipmentGroup/Inventory/EquipPopup/Panel/ButtonLock/TextLock,60x30,BestFit 12-25,OK,OK,축소 80%,OK,OK,잠금,Lock,ロック,鎖定,锁定
,MLUA_UIEQUIPPEDGEARPANEL_018,ui,EquipmentGroup.ui,/ui/EquipmentGroup/Inventory/Panel/EquipPanel/PlayerInfo/StatPopup/Window/Row6/Name,220x34,BestFit 12-21,OK,OK,축소 95%,OK,OK,스킬 쿨타임 감소,Skill Cooldown,スキルクールタイム減少,技能冷卻減少,技能冷却减少
,MLUA_UIEQUIPPEDGEARPANEL_020,ui,EquipmentGroup.ui,/ui/EquipmentGroup/Inventory/Panel/EquipPanel/PlayerInfo/StatPopup/Window/Row8/Name,220x34,BestFit 12-21,OK,OK,축소 95%,OK,OK,엘리트·보스 피해,Elite/Boss DMG,エリート・ボスダメージ,菁英·首領傷害,菁英·首领伤害
,UI_EQUIPMENTGROUP_022,ui,EquipmentGroup.ui,/ui/EquipmentGroup/Inventory/Panel/ItemNameTooltip/Label,260x60,BestFit 13-26,OK,축소 92%,OK,OK,OK,무기 강화 주문서,Weapon Enhancement Scroll,武器強化の書,武器強化卷軸,武器强化卷轴
,UI_GACHAGROUP_004,ui,GachaGroup.ui,/ui/GachaGroup/GachaProbInfo/Window/Notice,764x68,BestFit 16-24,OK,OK,축소 88%,OK,OK,"공개된 확률은 게임법 시행령에 따라 반올림한 값으로
합산된 결과가 100%가 되지 않을 수 있습니다.","Rates are rounded per the Game Industry Promotion Act,
so the total may not be exactly 100%.","公開されている確率はゲーム産業振興法施行令に基づき四捨五入した値のため、
合計が100%にならない場合があります。","公開的機率依據遊戲產業振興法施行令四捨五入，
合計結果可能不等於100%。","公开的概率依据游戏产业振兴法施行令四舍五入，
合计结果可能不等于100%。"
,ARENA_RETRY_LABEL,ui,GalleryArenaUI.ui,/ui/GalleryArenaUI/ResultGroup/RetryButton/Label,286x40,BestFit 22-34,축소 97%,축소 97%,축소 97%,축소 97%,축소 97%,다시 도전,Try Again,再挑戦,再次挑戰,再次挑战
,MLUA_SHOPPURCHASELOGIC_001,ui,GameOverGroup.ui,/ui/GameOverGroup/DiaShop/Panel/ScrollArea/List/ProductCard_0/NameText,345x69,BestFit 22-44,OK,OK,축소 98%,OK,OK,스타터 패키지,Starter Package,スターターパック,新手禮包,新手礼包
,UI_RAIDGROUP_009,ui,RaidGroup.ui,/ui/RaidGroup/RewardTable/Title,480x34,BestFit 18-30,축소 93%,축소 93%,축소 93%,축소 93%,축소 93%,등급별 보상,Rewards by Grade,等級別報酬,各等級獎勵,各等级奖励
,UI_RELICUPGRADEGROUP_003,ui,RelicUpgradeGroup.ui,/ui/RelicUpgradeGroup/Panel/UpgradeButton/CostText,150x34,BestFit 18-26,OK,OK,축소 96%,OK,OK,10000코인,10000 Coins,10000コイン,10000金幣,10000金币
,MLUA_RUNSTARTCONFIRMUI_002,ui,RunStartConfirmGroup.ui,/ui/RunStartConfirmGroup/Panel/SubMessage,540x68,BestFit 16-30,축소 93%,축소 93%,축소 93%,축소 93%,축소 93%,"자리가 없는 아이템은 사라져요.
그래도 시작할까요?","Items without space will be lost.
Start anyway?","空きのないアイテムは消えます。
それでも開始しますか？","沒有空位的道具將會消失。
仍要開始嗎？","没有空位的道具将会消失。
仍要开始吗？"
,UI_RELICUPGRADEGROUP_003,ui,SkillUpgradeGroup.ui,/ui/SkillUpgradeGroup/Panel/UpgradeButton/CostText,150x34,BestFit 18-26,OK,OK,축소 96%,OK,OK,10000코인,10000 Coins,10000コイン,10000金幣,10000金币
,UI_TITLEGROUP_014,ui,TitleGroup.ui,/ui/TitleGroup/RankPanel/Title,275x100,BestFit 44-64,OK,OK,축소 86%,OK,OK,랭킹,Ranking,ランキング,排行榜,排行榜
,MLUA_RELICINVENTORY_001,ui,TitleGroup.ui,/ui/TitleGroup/RelicPanel/ScrollArea/List/RelicSlot_0/Name,192x26,BestFit 10-21,OK,축소 90%,OK,OK,OK,시그너스의 손수건,Cygnus's Handkerchief,シグナスのハンカチ,西格諾斯的手帕,西格诺斯的手帕
,MLUA_RELICINVENTORY_002,ui,TitleGroup.ui,/ui/TitleGroup/RelicPanel/ScrollArea/List/RelicSlot_1/Name,192x26,BestFit 10-21,OK,축소 86%,OK,OK,OK,만년설화,Everlasting Snowflower,万年雪の花,萬年雪花,万年雪花
,MLUA_RELICINVENTORY_010,ui,TitleGroup.ui,/ui/TitleGroup/RelicPanel/ScrollArea/List/RelicSlot_9/Name,192x26,BestFit 10-21,OK,축소 90%,OK,OK,OK,힘의 마법석,Magic Stone of Power,力の魔法石,力量魔法石,力量魔法石
,MLUA_SHOPPURCHASELOGIC_001,ui,TitleGroup.ui,/ui/TitleGroup/ShopPanel/ScrollArea/List/ProductCard_0/NameText,345x69,BestFit 22-44,OK,OK,축소 98%,OK,OK,스타터 패키지,Starter Package,スターターパック,新手禮包,新手礼包
,MLUA_CARDREGISTRY_023,ui,TitleGroup.ui,/ui/TitleGroup/SkillPanel/ScrollArea/List/SkillSlot_100/Name,192x26,BestFit 10-21,OK,OK,축소 81%,OK,OK,워리어 마스터리,Warrior Mastery,ウォーリアーマスタリー,戰士精通,战士精通
,MLUA_CARDREGISTRY_023,ui,TitleGroup.ui,/ui/TitleGroup/SkillPanel/ScrollArea/List/SkillSlot_101/Name,192x26,BestFit 10-21,OK,OK,축소 81%,OK,OK,워리어 마스터리,Warrior Mastery,ウォーリアーマスタリー,戰士精通,战士精通
,MLUA_CARDREGISTRY_023,ui,TitleGroup.ui,/ui/TitleGroup/SkillPanel/ScrollArea/List/SkillSlot_102/Name,192x26,BestFit 10-21,OK,OK,축소 81%,OK,OK,워리어 마스터리,Warrior Mastery,ウォーリアーマスタリー,戰士精通,战士精通
,MLUA_CARDREGISTRY_023,ui,TitleGroup.ui,/ui/TitleGroup/SkillPanel/ScrollArea/List/SkillSlot_103/Name,192x26,BestFit 10-21,OK,OK,축소 81%,OK,OK,워리어 마스터리,Warrior Mastery,ウォーリアーマスタリー,戰士精通,战士精通
,MLUA_CARDREGISTRY_023,ui,TitleGroup.ui,/ui/TitleGroup/SkillPanel/ScrollArea/List/SkillSlot_104/Name,192x26,BestFit 10-21,OK,OK,축소 81%,OK,OK,워리어 마스터리,Warrior Mastery,ウォーリアーマスタリー,戰士精通,战士精通
,MLUA_CARDREGISTRY_023,ui,TitleGroup.ui,/ui/TitleGroup/SkillPanel/ScrollArea/List/SkillSlot_105/Name,192x26,BestFit 10-21,OK,OK,축소 81%,OK,OK,워리어 마스터리,Warrior Mastery,ウォーリアーマスタリー,戰士精通,战士精通
,MLUA_CARDREGISTRY_023,ui,TitleGroup.ui,/ui/TitleGroup/SkillPanel/ScrollArea/List/SkillSlot_106/Name,192x26,BestFit 10-21,OK,OK,축소 81%,OK,OK,워리어 마스터리,Warrior Mastery,ウォーリアーマスタリー,戰士精通,战士精通
,MLUA_CARDREGISTRY_023,ui,TitleGroup.ui,/ui/TitleGroup/SkillPanel/ScrollArea/List/SkillSlot_107/Name,192x26,BestFit 10-21,OK,OK,축소 81%,OK,OK,워리어 마스터리,Warrior Mastery,ウォーリアーマスタリー,戰士精通,战士精通
,MLUA_CARDREGISTRY_023,ui,TitleGroup.ui,/ui/TitleGroup/SkillPanel/ScrollArea/List/SkillSlot_108/Name,192x26,BestFit 10-21,OK,OK,축소 81%,OK,OK,워리어 마스터리,Warrior Mastery,ウォーリアーマスタリー,戰士精通,战士精通
,MLUA_CARDREGISTRY_023,ui,TitleGroup.ui,/ui/TitleGroup/SkillPanel/ScrollArea/List/SkillSlot_109/Name,192x26,BestFit 10-21,OK,OK,축소 81%,OK,OK,워리어 마스터리,Warrior Mastery,ウォーリアーマスタリー,戰士精通,战士精通
,MLUA_CARDREGISTRY_023,ui,TitleGroup.ui,/ui/TitleGroup/SkillPanel/ScrollArea/List/SkillSlot_110/Name,192x26,BestFit 10-21,OK,OK,축소 81%,OK,OK,워리어 마스터리,Warrior Mastery,ウォーリアーマスタリー,戰士精通,战士精通
,MLUA_CARDREGISTRY_023,ui,TitleGroup.ui,/ui/TitleGroup/SkillPanel/ScrollArea/List/SkillSlot_111/Name,192x26,BestFit 10-21,OK,OK,축소 81%,OK,OK,워리어 마스터리,Warrior Mastery,ウォーリアーマスタリー,戰士精通,战士精通
,MLUA_CARDREGISTRY_023,ui,TitleGroup.ui,/ui/TitleGroup/SkillPanel/ScrollArea/List/SkillSlot_112/Name,192x26,BestFit 10-21,OK,OK,축소 81%,OK,OK,워리어 마스터리,Warrior Mastery,ウォーリアーマスタリー,戰士精通,战士精通
,MLUA_CARDREGISTRY_023,ui,TitleGroup.ui,/ui/TitleGroup/SkillPanel/ScrollArea/List/SkillSlot_113/Name,192x26,BestFit 10-21,OK,OK,축소 81%,OK,OK,워리어 마스터리,Warrior Mastery,ウォーリアーマスタリー,戰士精通,战士精通
,MLUA_CARDREGISTRY_023,ui,TitleGroup.ui,/ui/TitleGroup/SkillPanel/ScrollArea/List/SkillSlot_114/Name,192x26,BestFit 10-21,OK,OK,축소 81%,OK,OK,워리어 마스터리,Warrior Mastery,ウォーリアーマスタリー,戰士精通,战士精通
,MLUA_CARDREGISTRY_023,ui,TitleGroup.ui,/ui/TitleGroup/SkillPanel/ScrollArea/List/SkillSlot_115/Name,192x26,BestFit 10-21,OK,OK,축소 81%,OK,OK,워리어 마스터리,Warrior Mastery,ウォーリアーマスタリー,戰士精通,战士精通
,MLUA_CARDREGISTRY_023,ui,TitleGroup.ui,/ui/TitleGroup/SkillPanel/ScrollArea/List/SkillSlot_116/Name,192x26,BestFit 10-21,OK,OK,축소 81%,OK,OK,워리어 마스터리,Warrior Mastery,ウォーリアーマスタリー,戰士精通,战士精通
,MLUA_CARDREGISTRY_023,ui,TitleGroup.ui,/ui/TitleGroup/SkillPanel/ScrollArea/List/SkillSlot_117/Name,192x26,BestFit 10-21,OK,OK,축소 81%,OK,OK,워리어 마스터리,Warrior Mastery,ウォーリアーマスタリー,戰士精通,战士精通
,MLUA_CARDREGISTRY_023,ui,TitleGroup.ui,/ui/TitleGroup/SkillPanel/ScrollArea/List/SkillSlot_118/Name,192x26,BestFit 10-21,OK,OK,축소 81%,OK,OK,워리어 마스터리,Warrior Mastery,ウォーリアーマスタリー,戰士精通,战士精通
,MLUA_CARDREGISTRY_023,ui,TitleGroup.ui,/ui/TitleGroup/SkillPanel/ScrollArea/List/SkillSlot_119/Name,192x26,BestFit 10-21,OK,OK,축소 81%,OK,OK,워리어 마스터리,Warrior Mastery,ウォーリアーマスタリー,戰士精通,战士精通
,MLUA_CARDREGISTRY_023,ui,TitleGroup.ui,/ui/TitleGroup/SkillPanel/ScrollArea/List/SkillSlot_120/Name,192x26,BestFit 10-21,OK,OK,축소 81%,OK,OK,워리어 마스터리,Warrior Mastery,ウォーリアーマスタリー,戰士精通,战士精通
,MLUA_CARDREGISTRY_023,ui,TitleGroup.ui,/ui/TitleGroup/SkillPanel/ScrollArea/List/SkillSlot_121/Name,192x26,BestFit 10-21,OK,OK,축소 81%,OK,OK,워리어 마스터리,Warrior Mastery,ウォーリアーマスタリー,戰士精通,战士精通
,MLUA_CARDREGISTRY_023,ui,TitleGroup.ui,/ui/TitleGroup/SkillPanel/ScrollArea/List/SkillSlot_122/Name,192x26,BestFit 10-21,OK,OK,축소 81%,OK,OK,워리어 마스터리,Warrior Mastery,ウォーリアーマスタリー,戰士精通,战士精通
,MLUA_CARDREGISTRY_023,ui,TitleGroup.ui,/ui/TitleGroup/SkillPanel/ScrollArea/List/SkillSlot_123/Name,192x26,BestFit 10-21,OK,OK,축소 81%,OK,OK,워리어 마스터리,Warrior Mastery,ウォーリアーマスタリー,戰士精通,战士精通
,MLUA_CARDREGISTRY_023,ui,TitleGroup.ui,/ui/TitleGroup/SkillPanel/ScrollArea/List/SkillSlot_124/Name,192x26,BestFit 10-21,OK,OK,축소 81%,OK,OK,워리어 마스터리,Warrior Mastery,ウォーリアーマスタリー,戰士精通,战士精通
,MLUA_CARDREGISTRY_023,ui,TitleGroup.ui,/ui/TitleGroup/SkillPanel/ScrollArea/List/SkillSlot_125/Name,192x26,BestFit 10-21,OK,OK,축소 81%,OK,OK,워리어 마스터리,Warrior Mastery,ウォーリアーマスタリー,戰士精通,战士精通
,MLUA_CARDREGISTRY_023,ui,TitleGroup.ui,/ui/TitleGroup/SkillPanel/ScrollArea/List/SkillSlot_126/Name,192x26,BestFit 10-21,OK,OK,축소 81%,OK,OK,워리어 마스터리,Warrior Mastery,ウォーリアーマスタリー,戰士精通,战士精通
,MLUA_CARDREGISTRY_023,ui,TitleGroup.ui,/ui/TitleGroup/SkillPanel/ScrollArea/List/SkillSlot_127/Name,192x26,BestFit 10-21,OK,OK,축소 81%,OK,OK,워리어 마스터리,Warrior Mastery,ウォーリアーマスタリー,戰士精通,战士精通
,MLUA_CARDREGISTRY_023,ui,TitleGroup.ui,/ui/TitleGroup/SkillPanel/ScrollArea/List/SkillSlot_128/Name,192x26,BestFit 10-21,OK,OK,축소 81%,OK,OK,워리어 마스터리,Warrior Mastery,ウォーリアーマスタリー,戰士精通,战士精通
,MLUA_CARDREGISTRY_023,ui,TitleGroup.ui,/ui/TitleGroup/SkillPanel/ScrollArea/List/SkillSlot_129/Name,192x26,BestFit 10-21,OK,OK,축소 81%,OK,OK,워리어 마스터리,Warrior Mastery,ウォーリアーマスタリー,戰士精通,战士精通
,MLUA_CARDREGISTRY_023,ui,TitleGroup.ui,/ui/TitleGroup/SkillPanel/ScrollArea/List/SkillSlot_130/Name,192x26,BestFit 10-21,OK,OK,축소 81%,OK,OK,워리어 마스터리,Warrior Mastery,ウォーリアーマスタリー,戰士精通,战士精通
,MLUA_CARDREGISTRY_023,ui,TitleGroup.ui,/ui/TitleGroup/SkillPanel/ScrollArea/List/SkillSlot_131/Name,192x26,BestFit 10-21,OK,OK,축소 81%,OK,OK,워리어 마스터리,Warrior Mastery,ウォーリアーマスタリー,戰士精通,战士精通
,MLUA_CARDREGISTRY_023,ui,TitleGroup.ui,/ui/TitleGroup/SkillPanel/ScrollArea/List/SkillSlot_132/Name,192x26,BestFit 10-21,OK,OK,축소 81%,OK,OK,워리어 마스터리,Warrior Mastery,ウォーリアーマスタリー,戰士精通,战士精通
,MLUA_CARDREGISTRY_023,ui,TitleGroup.ui,/ui/TitleGroup/SkillPanel/ScrollArea/List/SkillSlot_133/Name,192x26,BestFit 10-21,OK,OK,축소 81%,OK,OK,워리어 마스터리,Warrior Mastery,ウォーリアーマスタリー,戰士精通,战士精通
,MLUA_CARDREGISTRY_023,ui,TitleGroup.ui,/ui/TitleGroup/SkillPanel/ScrollArea/List/SkillSlot_134/Name,192x26,BestFit 10-21,OK,OK,축소 81%,OK,OK,워리어 마스터리,Warrior Mastery,ウォーリアーマスタリー,戰士精通,战士精通
,MLUA_CARDMANAGER_050,ui,TitleGroup.ui,/ui/TitleGroup/SkillPanel/ScrollArea/List/SkillSlot_26/Name,192x26,BestFit 10-21,OK,OK,축소 81%,OK,OK,언카운터 에로우,Uncountable Arrow,アンカウンタブルアロー,無盡之箭,无尽之箭
,MLUA_CARDMANAGER_052,ui,TitleGroup.ui,/ui/TitleGroup/SkillPanel/ScrollArea/List/SkillSlot_27/Name,192x26,BestFit 10-21,OK,OK,축소 90%,OK,OK,플레시 미라주,Flash Mirage,フラッシュミラージュ,閃光幻影,闪光幻影
,MLUA_SKILLINVENTORY_002,ui,TitleGroup.ui,/ui/TitleGroup/SkillPanel/ScrollArea/List/SkillSlot_28/Name,192x26,BestFit 10-21,OK,OK,축소 90%,OK,OK,에로우 일루전,Arrow Illusion,アローイリュージョン,幻影箭,幻影箭
,MLUA_CARDMANAGER_042,ui,TitleGroup.ui,/ui/TitleGroup/SkillPanel/ScrollArea/List/SkillSlot_31/Name,192x26,BestFit 10-21,OK,축소 90%,OK,OK,OK,강화 애로우 블로우,Enhanced Arrow Blow,強化アローブロウ,強化箭之衝擊,强化箭之冲击
,MLUA_CARDMANAGER_051,ui,TitleGroup.ui,/ui/TitleGroup/SkillPanel/ScrollArea/List/SkillSlot_33/Name,192x26,BestFit 10-21,OK,축소 95%,축소 76%,OK,OK,언카운트에로우V,Uncountable Arrow V,アンカウンタブルアローV,無盡之箭V,无尽之箭V
,MLUA_CARDMANAGER_054,ui,TitleGroup.ui,/ui/TitleGroup/SkillPanel/ScrollArea/List/SkillSlot_35/Name,192x26,BestFit 10-21,OK,OK,축소 81%,OK,OK,보우 액셀레이션,Bow Acceleration,ボウアクセラレーション,弓術加速,弓术加速
,MLUA_CARDMANAGER_056,ui,TitleGroup.ui,/ui/TitleGroup/SkillPanel/ScrollArea/List/SkillSlot_37/Name,192x26,BestFit 10-21,OK,OK,축소 90%,OK,OK,크리티컬 샷,Critical Shot,クリティカルショット,致命射擊,致命射击
,MLUA_CARDMANAGER_057,ui,TitleGroup.ui,/ui/TitleGroup/SkillPanel/ScrollArea/List/SkillSlot_38/Name,192x26,BestFit 10-21,OK,OK,축소 81%,OK,OK,파이널 어택 : 활,Final Attack: Bow,ファイナルアタック：弓,終極攻擊：弓,终极攻击：弓
,MLUA_CARDREGISTRY_006,ui,TitleGroup.ui,/ui/TitleGroup/SkillPanel/ScrollArea/List/SkillSlot_42/Name,192x26,BestFit 10-21,OK,OK,축소 90%,OK,OK,플래시 슬래시,Flash Slash,フラッシュスラッシュ,閃光斬,闪光斩
,MLUA_CARDREGISTRY_029,ui,TitleGroup.ui,/ui/TitleGroup/SkillPanel/ScrollArea/List/SkillSlot_53/Name,192x26,BestFit 10-21,OK,OK,축소 90%,OK,OK,스카링 블레이드,Scaring Blade,スケアリングブレード,恐懼之刃,恐惧之刃
,MLUA_CARDREGISTRY_023,ui,TitleGroup.ui,/ui/TitleGroup/SkillPanel/ScrollArea/List/SkillSlot_59/Name,192x26,BestFit 10-21,OK,OK,축소 81%,OK,OK,워리어 마스터리,Warrior Mastery,ウォーリアーマスタリー,戰士精通,战士精通
,MLUA_CARDREGISTRY_023,ui,TitleGroup.ui,/ui/TitleGroup/SkillPanel/ScrollArea/List/SkillSlot_60/Name,192x26,BestFit 10-21,OK,OK,축소 81%,OK,OK,워리어 마스터리,Warrior Mastery,ウォーリアーマスタリー,戰士精通,战士精通
,MLUA_CARDREGISTRY_023,ui,TitleGroup.ui,/ui/TitleGroup/SkillPanel/ScrollArea/List/SkillSlot_61/Name,192x26,BestFit 10-21,OK,OK,축소 81%,OK,OK,워리어 마스터리,Warrior Mastery,ウォーリアーマスタリー,戰士精通,战士精通
,MLUA_CARDREGISTRY_023,ui,TitleGroup.ui,/ui/TitleGroup/SkillPanel/ScrollArea/List/SkillSlot_62/Name,192x26,BestFit 10-21,OK,OK,축소 81%,OK,OK,워리어 마스터리,Warrior Mastery,ウォーリアーマスタリー,戰士精通,战士精通
,MLUA_CARDREGISTRY_023,ui,TitleGroup.ui,/ui/TitleGroup/SkillPanel/ScrollArea/List/SkillSlot_63/Name,192x26,BestFit 10-21,OK,OK,축소 81%,OK,OK,워리어 마스터리,Warrior Mastery,ウォーリアーマスタリー,戰士精通,战士精通
,MLUA_CARDREGISTRY_023,ui,TitleGroup.ui,/ui/TitleGroup/SkillPanel/ScrollArea/List/SkillSlot_64/Name,192x26,BestFit 10-21,OK,OK,축소 81%,OK,OK,워리어 마스터리,Warrior Mastery,ウォーリアーマスタリー,戰士精通,战士精通
,MLUA_CARDREGISTRY_023,ui,TitleGroup.ui,/ui/TitleGroup/SkillPanel/ScrollArea/List/SkillSlot_65/Name,192x26,BestFit 10-21,OK,OK,축소 81%,OK,OK,워리어 마스터리,Warrior Mastery,ウォーリアーマスタリー,戰士精通,战士精通
,MLUA_CARDREGISTRY_023,ui,TitleGroup.ui,/ui/TitleGroup/SkillPanel/ScrollArea/List/SkillSlot_66/Name,192x26,BestFit 10-21,OK,OK,축소 81%,OK,OK,워리어 마스터리,Warrior Mastery,ウォーリアーマスタリー,戰士精通,战士精通
,MLUA_CARDREGISTRY_023,ui,TitleGroup.ui,/ui/TitleGroup/SkillPanel/ScrollArea/List/SkillSlot_67/Name,192x26,BestFit 10-21,OK,OK,축소 81%,OK,OK,워리어 마스터리,Warrior Mastery,ウォーリアーマスタリー,戰士精通,战士精通
,MLUA_CARDREGISTRY_023,ui,TitleGroup.ui,/ui/TitleGroup/SkillPanel/ScrollArea/List/SkillSlot_68/Name,192x26,BestFit 10-21,OK,OK,축소 81%,OK,OK,워리어 마스터리,Warrior Mastery,ウォーリアーマスタリー,戰士精通,战士精通
,MLUA_CARDREGISTRY_023,ui,TitleGroup.ui,/ui/TitleGroup/SkillPanel/ScrollArea/List/SkillSlot_69/Name,192x26,BestFit 10-21,OK,OK,축소 81%,OK,OK,워리어 마스터리,Warrior Mastery,ウォーリアーマスタリー,戰士精通,战士精通
,MLUA_CARDREGISTRY_023,ui,TitleGroup.ui,/ui/TitleGroup/SkillPanel/ScrollArea/List/SkillSlot_70/Name,192x26,BestFit 10-21,OK,OK,축소 81%,OK,OK,워리어 마스터리,Warrior Mastery,ウォーリアーマスタリー,戰士精通,战士精通
,MLUA_CARDREGISTRY_023,ui,TitleGroup.ui,/ui/TitleGroup/SkillPanel/ScrollArea/List/SkillSlot_71/Name,192x26,BestFit 10-21,OK,OK,축소 81%,OK,OK,워리어 마스터리,Warrior Mastery,ウォーリアーマスタリー,戰士精通,战士精通
,MLUA_CARDREGISTRY_023,ui,TitleGroup.ui,/ui/TitleGroup/SkillPanel/ScrollArea/List/SkillSlot_72/Name,192x26,BestFit 10-21,OK,OK,축소 81%,OK,OK,워리어 마스터리,Warrior Mastery,ウォーリアーマスタリー,戰士精通,战士精通
,MLUA_CARDREGISTRY_023,ui,TitleGroup.ui,/ui/TitleGroup/SkillPanel/ScrollArea/List/SkillSlot_73/Name,192x26,BestFit 10-21,OK,OK,축소 81%,OK,OK,워리어 마스터리,Warrior Mastery,ウォーリアーマスタリー,戰士精通,战士精通
,MLUA_CARDREGISTRY_023,ui,TitleGroup.ui,/ui/TitleGroup/SkillPanel/ScrollArea/List/SkillSlot_74/Name,192x26,BestFit 10-21,OK,OK,축소 81%,OK,OK,워리어 마스터리,Warrior Mastery,ウォーリアーマスタリー,戰士精通,战士精通
,MLUA_CARDREGISTRY_023,ui,TitleGroup.ui,/ui/TitleGroup/SkillPanel/ScrollArea/List/SkillSlot_75/Name,192x26,BestFit 10-21,OK,OK,축소 81%,OK,OK,워리어 마스터리,Warrior Mastery,ウォーリアーマスタリー,戰士精通,战士精通
,MLUA_CARDREGISTRY_023,ui,TitleGroup.ui,/ui/TitleGroup/SkillPanel/ScrollArea/List/SkillSlot_76/Name,192x26,BestFit 10-21,OK,OK,축소 81%,OK,OK,워리어 마스터리,Warrior Mastery,ウォーリアーマスタリー,戰士精通,战士精通
,MLUA_CARDREGISTRY_023,ui,TitleGroup.ui,/ui/TitleGroup/SkillPanel/ScrollArea/List/SkillSlot_77/Name,192x26,BestFit 10-21,OK,OK,축소 81%,OK,OK,워리어 마스터리,Warrior Mastery,ウォーリアーマスタリー,戰士精通,战士精通
,MLUA_CARDREGISTRY_023,ui,TitleGroup.ui,/ui/TitleGroup/SkillPanel/ScrollArea/List/SkillSlot_78/Name,192x26,BestFit 10-21,OK,OK,축소 81%,OK,OK,워리어 마스터리,Warrior Mastery,ウォーリアーマスタリー,戰士精通,战士精通
,MLUA_CARDREGISTRY_023,ui,TitleGroup.ui,/ui/TitleGroup/SkillPanel/ScrollArea/List/SkillSlot_79/Name,192x26,BestFit 10-21,OK,OK,축소 81%,OK,OK,워리어 마스터리,Warrior Mastery,ウォーリアーマスタリー,戰士精通,战士精通
,MLUA_CARDREGISTRY_023,ui,TitleGroup.ui,/ui/TitleGroup/SkillPanel/ScrollArea/List/SkillSlot_80/Name,192x26,BestFit 10-21,OK,OK,축소 81%,OK,OK,워리어 마스터리,Warrior Mastery,ウォーリアーマスタリー,戰士精通,战士精通
,MLUA_CARDREGISTRY_023,ui,TitleGroup.ui,/ui/TitleGroup/SkillPanel/ScrollArea/List/SkillSlot_81/Name,192x26,BestFit 10-21,OK,OK,축소 81%,OK,OK,워리어 마스터리,Warrior Mastery,ウォーリアーマスタリー,戰士精通,战士精通
,MLUA_CARDREGISTRY_023,ui,TitleGroup.ui,/ui/TitleGroup/SkillPanel/ScrollArea/List/SkillSlot_82/Name,192x26,BestFit 10-21,OK,OK,축소 81%,OK,OK,워리어 마스터리,Warrior Mastery,ウォーリアーマスタリー,戰士精通,战士精通
,MLUA_CARDREGISTRY_023,ui,TitleGroup.ui,/ui/TitleGroup/SkillPanel/ScrollArea/List/SkillSlot_83/Name,192x26,BestFit 10-21,OK,OK,축소 81%,OK,OK,워리어 마스터리,Warrior Mastery,ウォーリアーマスタリー,戰士精通,战士精通
,MLUA_CARDREGISTRY_023,ui,TitleGroup.ui,/ui/TitleGroup/SkillPanel/ScrollArea/List/SkillSlot_84/Name,192x26,BestFit 10-21,OK,OK,축소 81%,OK,OK,워리어 마스터리,Warrior Mastery,ウォーリアーマスタリー,戰士精通,战士精通
,MLUA_CARDREGISTRY_023,ui,TitleGroup.ui,/ui/TitleGroup/SkillPanel/ScrollArea/List/SkillSlot_85/Name,192x26,BestFit 10-21,OK,OK,축소 81%,OK,OK,워리어 마스터리,Warrior Mastery,ウォーリアーマスタリー,戰士精通,战士精通
,MLUA_CARDREGISTRY_023,ui,TitleGroup.ui,/ui/TitleGroup/SkillPanel/ScrollArea/List/SkillSlot_86/Name,192x26,BestFit 10-21,OK,OK,축소 81%,OK,OK,워리어 마스터리,Warrior Mastery,ウォーリアーマスタリー,戰士精通,战士精通
,MLUA_CARDREGISTRY_023,ui,TitleGroup.ui,/ui/TitleGroup/SkillPanel/ScrollArea/List/SkillSlot_87/Name,192x26,BestFit 10-21,OK,OK,축소 81%,OK,OK,워리어 마스터리,Warrior Mastery,ウォーリアーマスタリー,戰士精通,战士精通
,MLUA_CARDREGISTRY_023,ui,TitleGroup.ui,/ui/TitleGroup/SkillPanel/ScrollArea/List/SkillSlot_88/Name,192x26,BestFit 10-21,OK,OK,축소 81%,OK,OK,워리어 마스터리,Warrior Mastery,ウォーリアーマスタリー,戰士精通,战士精通
,MLUA_CARDREGISTRY_023,ui,TitleGroup.ui,/ui/TitleGroup/SkillPanel/ScrollArea/List/SkillSlot_89/Name,192x26,BestFit 10-21,OK,OK,축소 81%,OK,OK,워리어 마스터리,Warrior Mastery,ウォーリアーマスタリー,戰士精通,战士精通
,MLUA_CARDREGISTRY_023,ui,TitleGroup.ui,/ui/TitleGroup/SkillPanel/ScrollArea/List/SkillSlot_90/Name,192x26,BestFit 10-21,OK,OK,축소 81%,OK,OK,워리어 마스터리,Warrior Mastery,ウォーリアーマスタリー,戰士精通,战士精通
,MLUA_CARDREGISTRY_023,ui,TitleGroup.ui,/ui/TitleGroup/SkillPanel/ScrollArea/List/SkillSlot_91/Name,192x26,BestFit 10-21,OK,OK,축소 81%,OK,OK,워리어 마스터리,Warrior Mastery,ウォーリアーマスタリー,戰士精通,战士精通
,MLUA_CARDREGISTRY_023,ui,TitleGroup.ui,/ui/TitleGroup/SkillPanel/ScrollArea/List/SkillSlot_92/Name,192x26,BestFit 10-21,OK,OK,축소 81%,OK,OK,워리어 마스터리,Warrior Mastery,ウォーリアーマスタリー,戰士精通,战士精通
,MLUA_CARDREGISTRY_023,ui,TitleGroup.ui,/ui/TitleGroup/SkillPanel/ScrollArea/List/SkillSlot_93/Name,192x26,BestFit 10-21,OK,OK,축소 81%,OK,OK,워리어 마스터리,Warrior Mastery,ウォーリアーマスタリー,戰士精通,战士精通
,MLUA_CARDREGISTRY_023,ui,TitleGroup.ui,/ui/TitleGroup/SkillPanel/ScrollArea/List/SkillSlot_94/Name,192x26,BestFit 10-21,OK,OK,축소 81%,OK,OK,워리어 마스터리,Warrior Mastery,ウォーリアーマスタリー,戰士精通,战士精通
,MLUA_CARDREGISTRY_023,ui,TitleGroup.ui,/ui/TitleGroup/SkillPanel/ScrollArea/List/SkillSlot_95/Name,192x26,BestFit 10-21,OK,OK,축소 81%,OK,OK,워리어 마스터리,Warrior Mastery,ウォーリアーマスタリー,戰士精通,战士精通
,MLUA_CARDREGISTRY_023,ui,TitleGroup.ui,/ui/TitleGroup/SkillPanel/ScrollArea/List/SkillSlot_96/Name,192x26,BestFit 10-21,OK,OK,축소 81%,OK,OK,워리어 마스터리,Warrior Mastery,ウォーリアーマスタリー,戰士精通,战士精通
,MLUA_CARDREGISTRY_023,ui,TitleGroup.ui,/ui/TitleGroup/SkillPanel/ScrollArea/List/SkillSlot_97/Name,192x26,BestFit 10-21,OK,OK,축소 81%,OK,OK,워리어 마스터리,Warrior Mastery,ウォーリアーマスタリー,戰士精通,战士精通
,MLUA_CARDREGISTRY_023,ui,TitleGroup.ui,/ui/TitleGroup/SkillPanel/ScrollArea/List/SkillSlot_98/Name,192x26,BestFit 10-21,OK,OK,축소 81%,OK,OK,워리어 마스터리,Warrior Mastery,ウォーリアーマスタリー,戰士精通,战士精通
,MLUA_CARDREGISTRY_023,ui,TitleGroup.ui,/ui/TitleGroup/SkillPanel/ScrollArea/List/SkillSlot_99/Name,192x26,BestFit 10-21,OK,OK,축소 81%,OK,OK,워리어 마스터리,Warrior Mastery,ウォーリアーマスタリー,戰士精通,战士精通
,UI_WORLDCHARACTERSELECTGROUP_002,ui,WorldCharacterSelectGroup.ui,/ui/WorldCharacterSelectGroup/Panel/CharDescPanel/NameText,202x40,BestFit 18-28,OK,축소 79%,OK,OK,OK,썬콜법사,Ice/Lightning Mage,氷雷の魔法使い,冰雷魔法師,冰雷魔法师
,UI_WORLDCHARACTERSELECTGROUP_002,ui,WorldCharacterSelectGroup.ui,/ui/WorldCharacterSelectGroup/Panel/CharScrollArea/CharList/CharSlot_0/Name,140x30,BestFit 14-22,OK,축소 68%,축소 91%,OK,OK,썬콜법사,Ice/Lightning Mage,氷雷の魔法使い,冰雷魔法師,冰雷魔法师
,MLUA_IDLEREWARDLOGIC_003,ui,WorldCharacterSelectGroup.ui,/ui/WorldCharacterSelectGroup/Panel/WorldNameText,296x54,BestFit 20-34,OK,축소 91%,OK,OK,OK,태초의 마을,Village of Beginnings,はじまりの村,起源之村,起源之村
,FMT_GACHAUI_003,GachaUI.mlua,GachaGroup.ui,/ui/GachaGroup/Panel/BtnPull1/Title,370x40,BestFit 18-34,축소 97%,축소 97%,축소 97%,축소 97%,축소 97%,{0} 뽑기 X1,{0} Draw X1,{0}ガチャ X1,{0}抽取 X1,{0}抽取 X1
,FMT_GACHAUI_004,GachaUI.mlua,GachaGroup.ui,/ui/GachaGroup/Panel/BtnPull10/Title,370x40,BestFit 18-34,축소 97%,축소 97%,축소 97%,축소 97%,축소 97%,{0} 뽑기 X10,{0} Draw X10,{0}ガチャ X10,{0}抽取 X10,{0}抽取 X10
